teks,label
promo beli paket flash my telkomsel app dpt extra kuota lte extra nelpon buru cek s k,2
gb rp ribu spesial pilih aktif promo sd nov buru aktif s k,2
plg yth sisa kuota flash download mytelkomsel apps utk cek kuota beli paket flash hub,2
plg yth sisa kuota flash download mytelkomsel apps utk cek kuota beli paket flash hub,2
rp ribu spesial pilih aktif buru skb,2
ekstra pulsa dg beli paket internet bulan mytelkomsel utk beli sjk cek detail promo,2
iring dgn tarif rp panjang rp hits armada curi hati tekan ok call info,2
eks loh internetan pake volume ultima hrga rp tarif lokasi cek,2
aktif iring coboy jr hebat tekan info hits baru noah engkau aktif iring nya hp ketik mg kirim info berkah iring rp dr yuni shara aktif iring nya tkn ok call raih thr puluhanjt henti unreg,2
ambil bonus hari bebas pulsa dptkan gratis nelpon internetan promo sesuai hobi,2
henti langgan paket flash ketik flash spasi ya tuju tunggu sms konfirmasi nonaktif paket,2
langgan paket rp utk mb mb tuju balas flash spasi ya kirim utk lanjut paket panjang aktif tarif sesuai lokasi tunggu sms konfirmasi sblm pakai info zona detail tarif lihat,2
beli paket gampang internetan rp utk chatting puas bbm whatsapp line tuju balas flash spasi ya kirim utk lanjut tunggu sms konfirmasi sblm pakai info detail tariff lihat,2
terima setting ponsel ponsel akses internet kirim foto mms tuju balas pesan gratis ketik y,2
aktif paket bbm gratis laku kali aktivasi ketik flash spasi ya lanjut,2
kupon program kartu as biber beli internet hadiah cek total kupon maksimal jam skrg info lengkap hub,2
nikmat paket reguler dgn sisa kuota kb dapat agam paket internet hemat tri,2
daftar layan paket malam langgan laku isi ulang voucher kenyang download,2
tlh tukar poin poin tukar poin menang hadih lg menang tukar poin tinggi s d november,2
angpaopoinsenyum dptkan vchr lottemart dg tukar normal sd ketik batas info,2
nya eks internetan pake volume ultima hrga rp tarif lokasi cek,2
ayam sayap paha nasi perkedel rp gratis teh pucuk tukar sms cfc hasan sadikin sedia msh promo,2
ayo anak medan beli sticker line pulsa klik nama stickernya dan medan,2
ayo download axisnet apple play store aktif obor,2
ayo download axisnet play apple store aktif obor,2
ayo dukung lestari alam indonesia indosat ooredoo wwf indonesia dg donasi nomor indosat ooredoo,2
ayo kawal manfaat subsidi bbm kompensasi hak adu ketik bbm spasi isi pesan kirim,2
banting harga internetan dgn kuota rupiah paket laku bulan ketik ya s d desember,2
bebas ekspresi diri paket freedom combo indosat ooredoo hub,2
bebas pulsa ambil bonus gratis dptkan gratis nelpon internetas promo sesuai hobi,2
beli gratis lychee tea latte flavour yellow truck jl patuha no tukar sms laku s k laku promo,2
beli gratis beli diskon tiket kampung gajah wonderland bandung s d mei tunjuk sms kpd tugas info,2
beli gratis donut dunkin donuts borma setiabudhi tukar sms laku sedia promo,2
beli paket turbo utk beli mytelkomsel app sjk dpt extra pulsa tsel rp loh cek detail paket,2
internetan paket laku ketik ya tawar laku s d januari,2
bonus kuota isi ulang min ayo buru isi pulsa,2
bonus pulsa ayo isi pulsa min dapetkan bonus pulsa utk nelp nmr tri ayo buru isi pulsa,2
bonus pulsa indosat ooredoo ketik call hp april,2
bonus pulsa dgn isi ulang hny indosat yg tawar laku s d april bonus utk indosat ooredoo,2
bonus pulsa rp rb spesial langgan setia indosat ooredo isi ulang skrg tawar laku s d jan bonus,2
bonus rp kirim sms bonus khusus,2
bonus rp telpon teman menit bonus khusus,2
bukti hemat pakai argo bandung grabcar hayu aja rencang sareng buktikeun nyalira,2
buru download registrasi mycare dapat promo paket freedoom m l harga khusus,2
butuh piknik nih libur gratis hongkong pake pulsa axis hp androidmu transaksi items pokemon go bigo coc dll,2
buy get tiket trans studio bandung mei tunjuk sms tugas lokasi info,2
rp nelpon sms unlimited indosat ooredoo internetan puas paket ramadhan unlimited ketik,2
dapat bonus pulsa hg isi ulang minggu isi ulang dr ktk gratis krm pandu ketik pan krm cek bonus tekan,2
dapat bonus sms dg kirim sms bonus ratus sms operator pakai indosat ooredoo raih bebas komunikasi,2
dapat disc mcdonalds khusus utk bayar dgn tcash tap dptkan stiker tcash tap grapari dekat info,2
dapat disc utk dominos pan pizza roti yg tebal dgn keju pinggir kunjung toko dekat telf klik panpizza co id,2
dapat extra kuota lte extra nelpon dg beli paket flash my telkomsel app buru cek s k,2
dapat gratis cappuccino hot ice freza transaksi min excelso cafe semarang yogya solo sd agust tunjuk sms kpd tugas,2
dapat gratis wendy s crispy chicken sandwich minimal beli rp tukar sms wendy s dekat sedia batas promo,2
dapat saldo main rp bayar rp laku senin kamis tukar sms timezone dekat promo,2
dapat voucher cipika rp utk belanja kuliner gadget fashion dll tkn pilih cipika gratis batas info,2
dear customer kindly values your experience at telkomsel service score between very poor to excellent send sms to free for int l charged,2
disc domino s pizza value range s d agustus kunjung store dekat hubung visit kode,2
diskon khusus langgan grab bandung laku kode promo urangbandung repot jalan macet susah parkir hayu ngegrab we atuh,2
diskon kuota nelpon menit smua operator normal dg aktif balas sms dgn ketik tri,2
diskon utk kacamata lengkap bonus kacamata hitam tunjuk sms jl gatot soebroto t s amp k laku promo,2
domino s pan pizza roti tebal dgn keju pinggir nikmat disc kunjung toko dekat telf klik panpizza co id,2
double kuota internet plus unlimited telpon sms paket freedom combo indosat ooredoo hub,2
download rasa seru game game premium pilih,2
dptkn free member card larissa aesthetic center disc high treatment asuransi jiwa isi ulang pulsa rp galeri indosat jateng diy s d,2
dptkn sempat raih hadiah utama mobil alphard dg tukar poin senyum dg kupon undi s d tgl ketik undi jmlh poin,2
dukung rehabilitasi kembang potensi anak butuh khusus ypac jakarta mari bagi sms donasi etik,2
flash promo s d agt ayo datang gallery smartfren dekat diskon dg tukar hp smartfrenmu andromax lte utk tukar dg mifi lte,2
free doublescoop ice cream disc haagen dasz tcash tap s k laku info,2
gratis yg blm ganti kartu sim sim tukar skrg gerai indosatooredoo dekat nikmat gratis jaring,2
gratis nelpon mana operator beli internet hari harga balas sms dgn ketik js utk beli,2
gratis whatsapp hari beli internet hari harga balas sms dgn ketik jr utk beli,2
grab nikmat diskon guna masuk kode cobagrabcar ajak teman teman keliling bandung tanp,2
grabcar grabtaxi dapat diskon stasiun bandara bandung masuk kode promo grabtravel pakai september hatur nuhun,2
tcash bayar tagih listrik beli token listrik hubung pilih menu bayar beli,2
hai kabar bonus riah isi pulsa minimun rp ribu s d november langsung dapat mb gratis ayo isi pulsa bonus utk,2
hallo bro beli koin games pakai pulsa yuk mudah banget loh sob cek,2
hallo urang mang ado sticker rancak group line urang kampuang mang guy beli pake pulsa telkomsel,2
freedom combo xl rp normal rp music streaming gak pake kuota unlimited nelp sms daftar,2
ribu langsung mb balas sms ketik buru beli sekrang,2
freedom combo xl normal double kuota promo unlimited nelp sms indosat ooredoo ketik freedom xl,2
bronet bronetspecial aktif paket,2
bronet special bronet ayo aktif paket,2
rabu blanja blanja com nikmat diskon spesial transaksi tcash s k laku klik,2
senin nonton hemat cema xxi dgn tcash tap dptkan stiker tcash tap grapari dekat info,2
kunjung galeri smartfren skrng andromax a jd nrml tunggu stok batas sd s k,2
hayu dateng mumpung ustad fatih karim beliau yg islam ustad felix siaw,2
hi ayo coba grab mesan taxi cepat aman klik,2
hot promo dptkan extra pulsa tsel dg beli paket internet kali my telkomsel app sjk agsts sept cek detail paket,2
hot promo internetan kuota rp aja beli promo s d s k,2
im spreading the go jek love download the go jek app at and input this referral code to get rp free credit to your first booking gojekgotmehere,2
ikut jobfairactive ujiklyakankerjaberstifikat plasatelkommlg dptkan platihan intrview rekom kerja ribu ph info,2
internetan puas aja butuh kuota paket sumo jaring beli info,2
isi saldo tcashmu jaring atm atm bca laku transfer bank pilih bank tcash kode bank no hp sbg no rekening tuju,2
isi ulang kuota hasil kuota tlh nikmat bonus nelpon tri cek bonus bimatri,2
isi ulang hasil kode transaksi cek promo rabu rawit jumat langgan axis,2
jalan ibadah haji dg nyaman tnpa prlu ganti kartu lokal nikmat gratis hr trima telp dr indosatooredoo internet unlimited info,2
kejar diskon lari beli rawit diskon ayo isi ulang kartu axis pasti besok ikut promo rabu rawit,2
lupa kirim sms sd juni utk mendptkan gratis sms sesame indosat hr laku periode prog info,2
kalah bro games mu bantu tambah koin beli aja pakai pulsa cek,2
habis baskin robbins value scoop lho tunjuk sms s k laku promo,2
jumat promo bronet bronet aktif paket,2
lg beli paket flash mytelkomsel dpt extra pulsa rp utk beli sjk cek detail paket,2
langgan setia tukar hp smartfrenmu dg andromax e lte hny nrml galeri smartfren,2
kartu lte aktif dapat kuota tambah sd konten tarik jaring hub info lokasi,2
sempat langka loh dapat gb rp balas sms ketik s d november bonus laku,2
ketik flash spasi info kirim utk status paket loopers dptkan info tren anak muda challenge beli paket loop co id follow loop id,2
ketik ya s d maret bln lgs dptkan bonus utk internetan telp sms puas nomor,2
khusus yg doyan internetan k bs internetan slm minggu kuota gb buru ketik oke pnwrn sd khusus nomor,2
khusus paket internet dgn kuota laku jaring cepat indosat balas sms ketik ya sd mei,2
kocak abis liat aksi pemuda galau iseng gokil kepung polisi super cantik tonton aja via hp cmn ketik,2
koin tinggal dikit lanjutin gamesmu beli pakai pulsa aja bro cek,2
kuota internet habis isi kuota akses aplikasi bimatri gadget info,2
hemat langgan paket data minggu gampang ketik kuota spasi krm sms,2
hemat langgan paket internet minggu dgn kuota rp gampang ketik kuota spasi,2
line lets get rich seru koin pulsa mudah banget google play,2
loopers pakettelkomselflash rp utk mb tambah mb gb laku tlh aktif paket otomatis panjang pd aktif langgan paket,2
maaf milik bonus kuota dapat bonus kuota toko dekat laku jawa timur bal lombok,2
main games mu beli koin pakai pulsa cek,2
main gamesmu beli apps in apps google play store,2
warkop dki dapat nsp nya gratis akses dapat promo gratis sesuai hobi,2
bonus keren indosat ooredoo ketik hp,2
bonus pulsa indosat ooredoo ketik call hp mei,2
cepat ga ribet cek pulsa sisa kuota internetmu yuk download aplikasi mycare akses,2
cepat gift paket extra kuota internet ga ribet isi ulang pulsa download aja aplikasi mycare smuanya mudah install,2
download file putus tinggal gatis mifi modem spesial untuk bawa sms galeri sf isi pulsa sana s d jan dl,2
ekstra telpon sms internetan s k laku ikut surveu singkat aplikasi musik s d september klik,2
internetan kuota harga murah buru cek tawar khusus nomor laku juli,2
jajan gak mana sob jajan online aja suka nge games cek,2
paket data bulan buru ketik tawar laku sd jul,2
paket data buru cek tawar laku juli,2
pergi hati nya aliando hp ambil nsp gratis nya akses dapat promo gratis sesuai hobi,2
merdeka hot sale kuota tawar batas cek,2
migrasi kartu kartuhalo nomor dapat paket spesial kunjung grapari tunjuk sms promo batas skb,2
murah seru banget main gamesmu pakai pulsa aja beli koin cek,2
murah dptkan paket internetan utk internetan seru aktif promo s d,2
hemat grab laku jalan grabcar grabtaxi otomatis diskon jalan nikmat diskon tahap hinga trip ayo coba bukti,2
nasabah yth rekening btpn wow aktif laku transaksi pin rahasia info hub,2
nelpon murah rp panggil mal sin thailand hk china usa dgn tekan kode negara no tuju info,2
nikmat combo wendy s fried chicken nasi minum rp periode juni tukar sms wendy s dekat sedia batas promo,2
nikmat disc utk dominos pizza premium big party weekend harga rp laku dine in take away s d may kunjung store dekat hubung,2
nikmat discount bakmi gm hny dgn tcash tap s k laku info,2
nikmat diskon tarif sli negara sd wib sd info lengkap ketik,2
nikmat diskon tarif indosat negara chn mla hkg sng twn vtm macau laku info hub ok,2
nikmat double internetan jaring data kuat tlp sms puas dgn pkt freedom combo daftar,2
nikmat double kuota promo jaring data kuat unlimited nelp sms dgn pkt freedom combo tekan,2
nikmat ekstra pulsa dgn isi ulang min aplikasi mytelkomsel t cash download promo s d agst,2
nikmat ekstra pulsa dgn isi ulang min aplikasi mytelkomsel kartu kredit visa download promo s d agst,2
nikmat extra lte extra kuota midnight dg beli pkt flash rp cek tarif skb,2
nikmat extra lte extra voucher belanja dg beli pkt flash rp cek tarif skb,2
nikmat indosat super utk internetan ckp minggu dpt kuota bonus jam cepat tekan syarat laku hub,2
nikmat mudah bayar iur bpjs dgn tcash hubung pilih menu bayar app t wallet smartphone android iphone,2
nikmat nelpon sms unlimited indosat ooredoo internetan puas paket freedom mini ketik,2
nikmat nelpon sms unlimited indosat ooredoo internetan puas paket ramadhan unlimited ketik,2
nomor isi nomor sn,2
nomor milik paket netmax dapat paket netmax hape aplikasi bimatri website tri co id,2
nomor untung tes identitas sedia untuk menang pulsa tes kirim sms y info,2
pakai handphone xl axiata mu langsung internetan pakai xl,2
pakai xl tdk repot setting langsung internetan yuk aktif paket internet my xl co id,2
paket hasil aktif restart hape utk dpt nikmat kuota internetan cek sisa kuota,2
paket non aktif minta guna internet kena tariff dasar internet sesuai skema tariff kartu hubung aktif paket internet info,2
paket bronet aktif nikmat laku aktif s d promo axis telp,2
paket bronet aktif temu tawar tarik axis telp,2
paket bronet aktif nikmat internet laku jam aktif s d promo axis telp,2
paket flash mb utk pd tarif non paket laku tgl tsb info hubung cek kuota,2
paket internet bronet jam aktif otomatis panjang jam,2
paket internet spesial internetan minggu dgn kuota ayo ketik kebut kirim sd juli jgn lupa ya,2
paket super murah pcs c strip ayam sayap nasi teh pucuk rp tukar sms cfc yogya subang sedia promo,2
paket super ngebut aktif nikmat panjang mar jam info,2
paket tsel flash tgl panjang dg mb utk harga dpt ubah sesuai lokasi pasti pulsa cukup utk henti langgan ketik flash off info detail tariff lihat,2
langgan yth update informasi tarif baru hubung rp call,2
beli dave s single burger gratis small fries minum periode september tukar sms wendy s dekat tawar batas promo,2
tawar khusus bonus kuota isi ulang min ayo buru isi pulsa,2
tawar spesial obral paket data gb nelpon puas nmr indosat utk daftar skrg ketik ya laku,2
plg yth mohon nilai puas alam layan telkomsel ketik utk bhs indonesia type for english send to free for int l charged,2
promo panjang gratis mifi modem untuk tunjuk sms galeri smartfren isi pulsa utk bawa pulang mifi favorit s,2
promo poin spesial tukar tselpoin periode promo juli info hub,2
promo beli paket flash gb my telkomsel app dpt extra nelpon buru promo batas s k,2
promo beli paket flash my telkomsel app dpt extra kuota lte extra nelpon buru cek s k,2
promo beli paket flash my telkomsel app dpt extra paket midnight buru promo batas s k,2
puas internetan chatting facebook nonton video gb rp beli paket,2
quota gb harga ribu beli paket puas internetan,2
raih smartphone diskon merchant free internet voice sms promo ri tukar telkomsel poin mytelkomsel apps,2
rawit harga miring internetan ayo isi ulang kartu axis pasti besok promo rabu rawit,2
rawit kuota bagus harga khusus ayo isi ulang kartu axis pasti besok promo rabu rawit,2
ribet bolak cek pulsa cek sisa kuota internetmu download aja aplikasi mycare klik mudah akses,2
bln utk bln hrg normal utk bln dst nelpon sms puas plus kuota ketik ya sd juni,2
bln utk bln hrg normal utk bln dst nelpon sms puas plus kuota ketik ya sd aug,2
pindah jaring cepat tukar kartu gerai indosatooredoo jl jend soedirman purwokerto dptkn bns utk nelp sms indosatooredoo,2
aktivasi rekening btpn wow ketik tekan yes call pin rahasia info lengkap hub,2
selamat voucher berrybenka masuk kode voucher transaksi voucher hub,2
selamat voucher lazada masuk kode voucher transaksi voucher hub,2
selamat voucher zalora masuk kode voucher transaksi voucher hub,2
selamat bonus pulsa rp indosat ooredoo laku poin senyum tambah cek bonus,2
selamat gabung tri nikmat kuota utk kuota panjang otomatis pulsa nikmat bonus kuota lipat panjang kartu otomatis non aktif dlm bln tdk aktivitas,2
selamat paket sms operator aktif cek kuota,2
selamat paket aktif cek kuota,2
selamat paket bbm gratis aktif paket bbm laku,2
selamat paket flash mb rp aktif laku s d tgl pk wib paket langsung panjang aktif paket tarif sesuai lokasi cek status henti langgan info detail tarif lihat,2
selamat tambah flash aktif laku s d,2
selamat hak beli paket pas nelpon sms internetan video nsp pilih paket laku info,2
selamat aktif instink utk dpt info tarik telkomsel info henti program cs,2
selamat gratis sms smsgift no info cs,2
selamat kuota tsel cek kuota info,2
selamat beli paket combo kenyang internet as cek bonus,2
sensasi seru main game ayo gabung heroes game hit download gratis,2
seru banget main ball pool pakai pulsa banget loh bro beli koin games cek,2
smartfren gratis mi fi modem ganti gadget bawa pulang mi fi mu dg tunjuk sms galeri sf isi pulsa sana s d info,2
special promo bonus kuota isi ulang ayo buru isi pulsa,2
spesial paket flash volume ultima kuota kuota harga tarif lokasi cek,2
spesial paket internet hemat kuota limpah ribu kuota gb aktif buru skb,2
spesial utk langgan setia indosat ooredoo bonus aktif menit telp sms isi ulang s d desember bonus laku,2
sticker line lucu lucu banget loh beli yuk pulsa gampang banget coba yuk,2
super wow gratis gb ckup dgn isi pulsa minimun rp ribu s d november laku kali sempat laku akumulasi loh,2
tambah thr dr mataharimall kode utk diskon elektronik kode utk diskon lifestyle kode utk diskon fashion,2
terima kasih paket data indosat info detail tekan,2
terima kasih langgan setia indosatooredoo download video bonus gratis nelpon menit hubung,2
terima kasih sahabat indosatooredoo dapat video game seru gratis telp,2
terima kasih sahabat indosatooredoo kenal batas bonus gratis nelpon menit hub ya ok,2
terima kasih sahabat indosatooredoo heboh artis artis top bonus gratis nelpon menit tlp,2
terima kasih sahabat indosatooredoo download video bonus gratis nelpon menit hubung,2
terima kasih tlh isi ulang tgl gratis nelpon video tekan yes ok,2
kini ungkapin pikir sticker line beli pake pulsa tsel download stickershop,2
isi saldo tcashmu nikmat aneka promo merchants partner tcash cek promo baru tcash,2
thank you for your appreciation trust in using telkomsel service for further feedback please advice text sms to free for int l charged,2
tingkat nilai isi ulang minimal paket murah pas info,2
tri bagi bonus pulsa pernuh berkah isi pulsa min dapet bonus pulsa utk nelp nmr tri ayo buru isi pulsa,2
trmksh tlh hasil isi pulsa smartfren jual pulsa bayar listrik speedy telkom hub agen barokah mp reload untung,2
udah top up coins line utk beli sticker themes beli skrg jg pake pulsa utk koleksi mu cek,2
use my invite code and get a free ride up to redeem it at,2
wow diskon utk beli paket flash bonus utk tunggu buru s k laku,2
wow promo panjang sd agt khusus tukar hp smartfrenmu andromax e lte dr ayo datang gallery smartfren dekat,2
penuh batas kebebasa n double kuota bonus unlimited nelp sms musik streaming gak pakai kuota dg freedom combo daftar,2
yuk dengerin langsung update hari seleb dr blog suara tlp gratis mgg cs,2
yuk internet an ngebut utk akses fb twitter chatting dgn beli paket flash sesuai zona lokasi cek tarif,2
yuk temen belanja google play mudah banget loh pakai pulsa,2
yuk flash volume ultima utk update informasi kuota tarif lokasi cek,2
nonton bioskop gratis keluarga cigna khusus tunggu telepon info cigna klik,2
yuks internetan seru seru dg flash volume ultima kuota sesuai zona lokasi hub info tarif lokasi lihat,2
masalah dgn cc kt stres dgn bunga lunas disc s d hub aty wa legal,1
lelah byr min payment solusi bantu legal tutup cc kta dscn hub lolyta wa legal,1
dana tunai kta bunga jt syarat ktp cc dgn bpkb rate cair hub ayu wa mhn maaf menggangu,1
roxi cell rp agen pulsa elektrik operator gsm cdma utk daftar ketik mtronik kirim,1
ramadhan selamat menang rp pin code info,1
brminat cash kredit mtor scond brg istmwa tipe merk sj dsini mnyediakn unit dr thn atas hub ms dediktp yk bs,1
menang togel tembus pasang shio tunggal angka mahar pulsa kirim no xxx khusus putar sgp senin,1
pesan suara dengar pesan suara silah tekan tekan ok ya bebas biaya terima kasih,1
pmain togel sring kalah hasil mbah joko bisah mbntu sio angka retuwal minat hub mbah joko jamin tembus,1
aneka shop bagi promo type blackberry dakota jt tourch jt onix jt gemini rb u mesan pin bb,1
anyonghaseyo ngaku kpopers sejati ayo lengkap koleksi video kpopmu skrg harga video murah loh info,1
artha cell diskon brg elektronik bb dakota juta bb jt camera dll hub sms pin bb,1
ass rumah tanah yg kemarin sy sdah survei sy mrasa cocok nego harga hubung sms suami haji dermawan,1
ass sy randy mobil yg sdh sy liat kondisi y minat mohon hub bapa sy utk bicara hrg net dr h darmawan,1
ass maaf sy wahyu mobil bpk yg jual sy lihat cocok nego hrg silah hub saudara sy dgn jusman safei tp,1
ass maaf sy by hj suri kemarin survey rumah harga hub suami h sigit tlp terima kasih,1
ass sy sugiyono yg tempo mngenai mobil toyotanya sy brminat cocok tlong hub sodara sy dlu negosiasi harga a n abdullah hp,1
assalamu alaikum reski dr costumer servis tri plaza semanggi lt jl jend sudirman jkt pst sdh m hubung undi laku no tdk sambung jd krimkn lwt sms jatuh tempo no menang undi dr tri jenis hadiah mobil suzuki ertiga new pin silah cek website hub,1
assalamu alaiqum nenek masuk rumah sakit tolong kirim ulsa ribu nomor telpon rumah sakit ganti uang,1
ayah isi pulsa xl no,1
tukokno pulsa as ndisek iki nmrku anyar cepet saiki enten penteng bpk msalah kantor polisi sms tlp,1
belanja online promo disc bb dakota bb bb dll info sms pin bb klik,1
belanja online toko resky discon bb laptop samsung ipad nokia dll u mesan order call sms kunjung web,1
belikan mama pulsa simpati ribu nomor baru mama kirim cepat hpnya orang mama pinjam,1
bella bingung bang nulis aq nulis serba salah mending langsung ngobrol tlpn aja deh bang no telp aq xxxx,1
berkah poin nomor mndpt hadiah i pin silah verifikasi pin menang situs resmi,1
berkat isi ulang pulsa no t pilih sbg menang cek tunai rp dri pt m kios pin u info klik,1
berkat isi ulang pulsa no pilih sbg menang kejut tri men dpt cek tunai dr planet pin cek hadiah,1
big sale discound iphone s note camera laptop dll pin bb call sms kunjung,1
big sale sinar blackberry rp dakota rp tourch rp davis rb infohub sms,1
blackberry city jual blackberry discond dakota davis gemini u info hub anita pin bb,1
blackberry online big sal bb rp jt dakota rp jt samsung note ii rp jt iphone rp laptop camera dll minat invite to bbm pin,1
bpk rekening pilih menang cek dri bni u info klik kode cek hub,1
bpk yth milik no pin undi resmi m dptkan rp cs klik com,1
bpr syariah yogya layan biaya usaha syarat copy ktp kk buku nikah dg jamin bpkb sertipikat proses survey cepat hub,1
butuh dana tunai cepat juta dgn bunga rendah flat bln proses jamin syarat mudah info yani,1
cahaya travel tiket murah promo terbang domestic internasional online booking jam hub kelik,1
casino online besar daftar raih bonus referral bonus cashback sportsbook minggu main smartphone pc,1
dapat e ticket promo terbang domestik internasional via online mudah aman hub klick,1
dapat e tiket murah promo terbang domestic international booking online info hub,1
dapat tiket murah promo ditravel kmi terbang domestik internasional online booking jam minat hub,1
dapat total hadiah ratus juta rupiah kota berkah klik program s d agustus,1
daptkn e tiket pesawat promo layan domestik and internasional booking online cepat aman hub link,1
de inih bapa pake no temen tolong kirimin pulsa no inih penring banget rumah digantiin,1
uang transfer rek bank xxx xxx a n xxx sms no,1
transfer uang nya rekening bni a n ismawati rek sms klo sdh kirim,1
jual ticket super junior tgl april lady gaga tgl juni harga gold info hub lady ticket webs com,1
dptkan e tiket promo terbang domestic internasional booking online jam info hub,1
gebyar poin plus plus indosat edisi priode no pin undi resmi raih hadiah utk info,1
gebyar telkomselpoin no trpilih menang pin silah verifikasi pin situs resmi,1
gratis menit nelpon indosat sms indosat mb internet slma jam isi ulang rb isiulang pulsa nikmat gratis,1
gratis sms sesame indosat dengna kirim sms juni bonus maks info,1
gratis internetan laku utk dg isi ulang axismu ayo isi ulang nikmat bonus,1
gratis internetan hg mb nelpon menit sms indosat dg isiulang utk daftar ketik gratis kirim gratis isi ulang,1
gratis pulsa dg isi ulang daftar ketik gratis krm reg ckp info ketik info krm,1
gt shop disc bb bb torch bb davis minat galaxy cp pin gili sms versi demo,1
guntur hubung facebook balas stop unruk henti terima sms facebook,1
hi trims kmu udh gabung layan gita bicara bola dpt info tarik n prediksi akurat dr gita mg sms stop unreg gita cs,1
hquarters business residence lokasi emas asia afrika bdg hrg prelaunch profit roi thn bs libur byr tsm,1
indomarcocell tawar jdi agenpulsa mkios oprator harga v v v gabung ketik daftar kirim lukis ku,1
indosatpoin plus plus selamat simcard resmi pilih m dpt hadiah pin sahkan pt indosat info klik,1
indovison promo rbu nikmat bln langgan gratis biaya pasang bonus cema hub pin bb,1
info pt m kios hsil undi berkat isi pulsa selamat no hp m dpt hadiah pin menang info klik,1
info resmi selamat pilih sbgi menang semarak undi pt indofood indonesia no pin info pin hadiah klik,1
info resmi bpk hormat selamat no menang pesta isi ulang no pin undi malam pkl sctv u info hadiah klik,1
info resmi bpk hormat selamat no menang pesta isi ulang no pin undi malam pkl sctv u info hadiah klik,1
info resmi pt indofood no t dftr menang undi pop mie edisi mndptkn nissan juke pin info kunjung,1
info resmi pt indofood slmt no t dftar pmnang pop mie raih hadiah unit nissan juke dgn pin u info kunjung,1
info resmi pt tri care pin menang m dptkan hadiah i unit toyota yaris u info cek pin klik,1
info resmi pt tri care pin menang simcard resmi hadiah unit toyota yaris no,1
info resmi pt tri simcard resmi m dptkan hadiah mobil mazda kode pin info hub klik,1
info resmi selamat no simcard men dptkn uang tunai rp dr pt indosat pin info hub a u klik,1
info resmi tri care selamat nomor pilih hadiah unit mobil dri tri care pin menang info,1
info resmi pt indofood selamat m dpt mobil nissan juke kejut pop mie pin hubung drs h naldisuparman,1
info dana tunai jamin juta bunga syarat milik kartu kredit proses kerja call firli,1
info pinjam agun jt standart chartered bank syarat copy ktp copy kartu kredit resmi minat hub akbar trimksh,1
info jk jual rmh tanah mobil produk jasa dll promosi sj dg sms massal hny rp sebar no hp hub jogja,1
angka jitu yg putar hubung mbah togel semarang jamin tembus raja shio buka jam,1
bpk pnjam hp orng tlng bliin bpk pls krm nomr brunya bpk bpk msalh kantor polisi jgn tlp sms nnti bpk yg tlp,1
bpk tolong belikan pulsa no baru bpk karna kantor polisi tlp sms bpk yg tlp,1
no rekening bri a n a sri narti no rek,1
nomor papa tolong kirimin pulsa nomor papa papa kantor polisi telepon papa,1
nomor rekening bri a n andika septiana,1
rekening bank mayani,1
rekening bank mandiri no rek a n murtiani,1
rekening bri rek a n rasto murdoyo,1
rekening mandiri a n reza prasetya,1
rekening bank mandiri a n ali syamsudin rek,1
rekening bank bni no rek a n wahyudi alamsyah sms klo kirim,1
isi pulsa untung myvplus dpt pulsa lsg dpt voucher diskon dpt hadiah dpt point yuk klik,1
isi ulang pulsa rp regular hd com sukses ref gratis pulsa sd hg ktk gratis krm,1
isi ulang pulsa rp regular putera sukses ref gratis pulsa sd hg ktk gratis krm,1
butuh angka jitu gaib sgp jamin tembus silah sms mastertogel,1
kak kirim no baru,1
dr ktr indosat sdh hub nmr tp tdk trsambung jd krm sms bhw no mendpt mobil jaguar pin info,1
sdh mnghubungi tdk trsambung sim card hadiah tiga dri pt axis pin klik,1
kejut poin hadian rp jt resmi milik nomor pin info kantor pusat telkomsel,1
mudah aman bisnis togel bentuk online gabung raih untung satu situs togel online percaya,1
yth bpk langgan tri sumargani dr operator tri plaza semanggi jl jend sudirman jkt pst kirim sms krn nmr sulit hubung nmr hadiah dr promo undi hadiah suzuki ertiga pin info,1
putus resmi selamat no pilih m dpt tabung rp pin info kelik,1
sempat agen pulsa mkios all operator harga ketik daftar kirim,1
sempat agen pulsa all operator mkios harga murah ketik gabung kirim,1
kirim bank bca no rek a n andrianto djunaedi usaha trms,1
kirim mandiri aja a n arya rek klo kabarin ya,1
kirim pulsa no mas agus,1
km bank bri sdh tlp tdk bs jd km sms no pin menang m dpt hadiah untung bliung britama info klik,1
krim bni aja a n ayu suryani no rek klo kirim kabarin ya,1
layan vip games sms mgg sdh panjang nikmat layan stop cs,1
ma belikan besok pulsa no baru,1
ma isi dl pulsa rb nmr,1
maaf sdah hubung tpi tdak sambung no resmi raih hadiah pt m kios pin u info hadiah klik,1
maaf hubung sambung no raih hadiah dr pt mkios pin cek pin,1
maaf hubung sambung selamat no resmi raih hadiah pt pin u info klik,1
maaf hubung tpi tdk tersmbung no resmi raih hadiah dri pt mkios pin cek pin,1
maaf bu nur tanah tanjung api api lihat cocok harga tolong hubung suami aja h sulaiman no hp acara tks,1
maaf angsur bayar bpk yogi hp sdh kuasa,1
maaf tolong uang transfer bank xxx an xxx no rek transfer sms terima kasih,1
maaf iklan tawar pinjam uang tunai jamin kta s d dg ktp d kartu kredit bunga flat simpan sms ni a hub,1
maaf ingat kontra terus bayar harap bpk chandra no sys dh kuasa sepenuh maaf sms,1
maaf bu ratna meganai rumah liat bandara silah hubung suami h arif iskandar hp trims,1
mah esian plz kna no nu rbu ayena,1
mamah pangmeserkeun heula pulsa as rb kana nomor ieu tong nelpon nuju riiweh ayeuna,1
manfaat fasilitas pinjam jamin syarat f copy ktp kartu kredit proses kerja info hub rasti,1
manfaat creditcard utk apply pinjam cashback minat hub bintang tks,1
libur gratis lombok ajar foto klik paket internet dpt hub cek status paket,1
nissan juke ayo beli popmie skrg kirim kode kodeuniq menang tipu cs klik,1
uang tunai ayo gabung layan video cliponyu keluar jurus gombal mu yg dahsyat utk cantik cliponyu ketik clip cs,1
mega cell cari agen pulsa cip operator harga v v v dll minat ketik info kirim,1
mega prima tama promo discon blackberry dacota rp onyx rp iphon ipad laptop camera dll info pin bb,1
meganai ruma bpk yg jual sd surpai sy minat sy tlpn tdk tembus harga hub suami sy dr h irawan,1
layan fasilitas pinjam dana tunai jamin bpkb mobil cover area daerah indonesia bunga flat no bi cheking proses cepat data lngsng jemput survey bfi finance hub oktra mariadi sihaloho cp,1
lejit pintar kursus suami isteri aktifasi smangat bljr kuat fungsi i otak anak prestasi mningkat telepon ketik ok sms,1
rumah bpk yg jual sdh survey sy minat sy telpon tdk tembus hrg hub suami sy dr h irawan,1
uang kontra terusin harap bpk suyono nomor hp shd sya kuasa penuh maaf sms,1
modal usaha solusi uang copy ktp kartu kredit npwp no rek pribdi jt dr bank hub lia,1
mohon maaf promosi pinjam uang tunai syarat copy kartu kredit bunga bln gratis asuransi hub ani lia proses cepat,1
mudah kta pinjam s d jt bunga gratis asuransi copy ktp kartu kredit slip gaji hub mido,1
nagamas elecktronik bb dakota bb davis bb gemini rbq bb torch dll call sms pin bb,1
nak ayah tolong kirimin ayah uang no rek a n yanti ayah lg kantor polisi ngurus surat tilang mks,1
bayar transfer harap hubung atas bpk ardiansa no tlp ubah bayar trima kasih,1
transfer tipon no ubah no rekening terima kasih,1
nasabah bank bri yth selamat mndptkan cek tunai rp bank rakyat indonesia pin u info klik kunjung,1
nasabah bank bri yth no rek mdpt hadiah cek rp bri untung beliung britama pin info klik,1
nasabah bri yth cek juta undi bri kode triplle cek info hadiah klik,1
nasabah bri yth norek pilih menang undi bri kode pin u info hadiah klik,1
nasabah yth menghub bri prihal tabugan cek rp dri bri dgn kode cek info klik,1
nasabah yth rekning tbungn error hrus monitor ulang gunakn kmbli maaf sblum kntor hrap hub pk aryadhi dlu tks,1
nasabah yth rek mndpt cek rp kode cek info hub klik,1
nasib bagi bakti rutin ringan hidup dpt wallppr stop ketik unreg nasib cs,1
nasib nutrisi otak slh nya berfikir positif klo sdh bs jd ilmu dpt wallppr stop ketik unreg nasib cs,1
nfo resmi nomor pilih men dpt hadiah langsung pt tri pin menang utk info lengkap klik,1
no id isi pulsa m tronil hadiah program poin isi ulang m tronik u info resmi menang klik,1
pangmeulikeun heula pulsa bpa anu simpati we ganti ku bpa ieu nomor na nya,1
langgan yth simcard m dptkan cek tuanai rp pt tricare indonesia pin u cek pin kunjung,1
langgan yth slmt kartu gsm men dpt tabung haji kopi jahe hut no pin u info sgr hub laksana pt sidomuncul,1
langgan yth hadiah poin plus plus indosat pin menang info menang klik,1
langgan yth selamat men dpt hadiah dr undi pt indofood popmie pin u info klik,1
langgan yth mba muliani operator tri hubung sambung informasi sms hadiah jatuh tempo selamat nomor tri menang undi dr pesta isi ulang pulsa pin menang hubung kantor tri jakarta tlp info klik,1
langgan yth rezky operator tri hubung sambung informasi sms hadiah jatuh tempo selamat no tri menang undi dr pesta tri pin menang info klik,1
langgan yth dri kantor tri jakarta sdh hubung no tpi tdk sambung informasi sms no trpilih menang hadiah cek rp dri undi isi ulanag tri pin undi u info klik,1
langgan yth simcard sbg menang hadiah mobil toyota all new yaris pin gebyar undi care info lenkap klik,1
langgan yth simcard sbg menang mendptkan hadiah mobil toyota all new yaris pin gebyar undi care info lenkap klik,1
langgan yth simcard sbg menang mendptkan hadiah mobil toyota all new yaris pin gebyar undi care info lenkap klik,1
langgan yth simcard sbg menang mendptkan hadiah mobil toyota all new yaris pin program pesta care info lenkap klik,1
langgan yth tri care pin menang hadiah unit mobil toyota yaris info klik cocok pin menang,1
langgan yth m kios cell tawar daftar cip m kios token pln harga pulsa rp utk gabung ketik info kirim,1
langgan yth selamat no simcard resmi menang undi poin plus plus edisi pin u info klik,1
bayar jatuh tempo silah lapor m hub kantor terima kasih,1
bayar nya bayar harap telpon sms atas bpk dedy hp terima kasih,1
tawar batas software sms gateway utk iklan sms pilkada sekolah instansi kampus dll harga promo rp hub jasa advertising corp,1
setor angsur nya bayar harap tlp dlu atas sy bpk iwan hp dri indomobil finance tks,1
minta proses keyword reg gita layan pt hypermind,1
pesan resmi undi tiga uang tunai,1
pesan resmi m kios pesta isi ulang krt pilih men dptkan hadiah cek pin hub custumer klik,1
pesan resmi pt planet hadiah cek tunai nila rp jatuh menang kode pin silah cek,1
pesan resmi pt tri care indonesia selamat simcard hadiah nila juta jatuh menang lv kode pin silah cek,1
pesan resmi berkat isi ulang pulsa no resmi hadiah rp juta pin menang u info klik,1
pesan resmi selamat mndpt hadiah mobil honda jazz rs no pin menang info kunjung,1
pesan resmi dr pt tricare slamat no tpilih mndpt hadiah mobil honda jazz pin pmenang u info klik,1
pesan resmi dr tri care indonesia selamat no mendpatkn hadiah dgn no pin u info silah kunjung,1
pesan resmi dr tri care indonesia selamat no mendptkn hadiah dgn no pin menang u imfo silah kunjung,1
pesan resmi dri tri slmt mdpt hadiah unit mobil honda jazz rs no pin menang utk info kunjung,1
pesan resmi dri tri care selamat m dptkan hadiah cek tunai rp pin undi u info kunjung,1
pesan resmi dri tri care selamat m dptkan hadiah cek tunai rp no pin undi u info kunjung,1
pesan resmi m kios sim card menang hadiah cek promo m kios pin hub ir h surianto klik,1
pesan resmi pt indonesia berkat isi ulang no m dptkan hadiah kode pin u info hadiah klik,1
pesan resmi pt indonesia berkat isi ulang no resmi raih hadiah kode pin u info hadiahlik,1
pesan resmi pt indonesia slmt no simcard resmi raih hadiah pin u info hadiah klik,1
pesan resmi selamat no simcard m dptkam hadiah cek rp dr tri care pin info keik,1
pesan resmi selamat no simcard m dptkan hadiah cek rp dr tri care pin info kelik,1
pesan resmi selamat no simcard m dptkan hadiah cek rp dr tri care pin info kelik,1
pesan resmi selamat no simcard m dptkan hadiah cek rp dr tri care pin info klik,1
pesan resmi selamat no simcard m dptkan hadiah cek rp dr tri care pin info klik,1
pesan resmi tri no xv pin menang pilih menang ii hadiah cek tunai jt info lengkap tri klik nomer sms maaf telepon no,1
pesta m tronik langgan setia m tronik pilih sbgi menang pin menang u info klik,1
pesta m tronik langgan setia m tronik pilih menang hadiah pin menang u info klik,1
pinjam s d miliard jamin bpkb mobil truck min th bunga syarat mudah pt bunas finance tbk cover all wilayah andi,1
plenetcell cari agen u jual pulsa all operator harga pulsa info ketik info kirim hhb cs,1
plg yth no simcard men dptkan unit toyota all new yaris gebyar tricare pin pmnang u info hub klik,1
plg yth no pilih menang cek rp dr pt telkomsel hut telkomsel thn hub call center,1
plg yth no m dpt hadiah all new avanza dr pt telkomsel pin info klik,1
plg yth selamat nomor pilih mendptkan hadiah cek tunai rp dr program undi pin info klik,1
plg yth no men dpt hadiah dr pengundiang pt indosat pin u hadiah klik,1
plg yth simcard mendptkan bonus poin plus plus dr pt indosat pin u info klik hub,1
plg yth nomor resmi pilih menang hadiah pt m tronik no pin u info urus hadiah klik,1
plgn yth mendpt hadiah unit mobil suzuki ertiga pt hm sampoerna tbk pin u info klik,1
plgn yth h rian harino opoerator tri tlah hubung sambung jdi informasi lwt sms sblum hadiah jatuh tempo selamat no tri menang undi no pin menang hub kantor tri jakarta info klik,1
plgn yth tri mnctv umum nomor tgl maret pagi tdk sambung desi hermawati costumer servis tri plaza semanggi jl jend sudirman jkt pst kirim sms jatuh tempo nomor simcard tri menang undi pesta internet tri hadiah toyota new yaris pin info resmi klik,1
plgn yth tri mnctv umum nomor pd tgl agustus tdk dpt trsmbung desy hermawati dr pt hutchison tri plaza semanggi lt jl jend sudirman kav jkt pst kirim sms sblum jtuh tempo bhwa no simcard menang undi pesta poin tri hadiah toyota all new yaris pin klik situs resmi,1
pnjaman mudah tnpa jamin proses cepat syrt ft cpy ktp krtu kredit minat call ari,1
promo blackberry bb dakota bb torch bb davis bb onyx bb gemini minat hub promo batas,1
promo blackberry bb dakota bb torch bb davis bb orlando bb gemini minat hub promo batas,1
promo cuci gudang blackberry samsung apple laptop beli dpt info call pin bb fb caturgadget ymail com,1
promo lebaran paket service motor olie harga genuine oil gop shop info,1
promo baru toko artha jaya bb dakota jt jt bb jt camera dll call sms,1
pt m tronik hubung tdk sambung no resmi raih hadiah pin cek hadiah,1
pt garsindo cari agen jual pulsa m kios all operator transaksi jam dgn harga u gabung kirim,1
pt indofood tbk pilih menang hadiah promo popmie pin utk info klik,1
pt pertamina persero terima karyawan i lulus smk kirim lamar cv ijazah notip email pertaminareckrutment ymail com,1
pt bni persero tbk rekening pilih rp rejeki bni taplus kode cek silah klik,1
pt indofood tbk resmi menang uang rp pop mie no pin info lengkap klik,1
pt mtronik berkah isi ulang pulsa m tronik no m dptkan hadiah pin menang u info klik,1
pt tri care pin menang m dptkan hadiah i unit toyota yaris u info cek pin klik,1
pt tri care selamat simcard hadiah unit toyota avanza pin info klik,1
pt tri no slamat no simcard mraih cek tunai rp program isi ulang pulsa pin info klik,1
resmi indosat no pilih menang poin plus plus pin menang u info klik sms kirim no,1
resmi tri care pin menang medptkan unit toyota yaris u info klik cs,1
rumah tanah yg jual sy ayu sdh survei minat u beli mslh hrg mhn hub suami dr hj sopi,1
arum k prasodjo operator tri jkt pst pt pos persero surat pemberitahuan alamat registrasi kartu tri temu kirim sms info selamat nomor menang undi tri siar mnctv tgl agustus menang pin undi lengkap prosedur hadiah jatuh tempo klik http,1
td pagi sms pt tri resmi m dptkan hadiah honda jazz rs kode pin info hub klik,1
sayang belikn aq pulsa nmr aq yg telp km aq pake hp tmn skrg yacc,1
sayang kalah cepat khawatir ayo coba sesi pasti baca pesan line indonesia info hadiah event sesi,1
bayar transfer harap hubung atas bpk ardiansah no tlp ubah bayar,1
dapat e tiket pswt hrga promo terbang domestik internasional reservasi tiket mudah praktis hub,1
dptkan ijazah asli daftar akreditasi cepat kilat instan resmi silah hub tks,1
selamat mndptkan cek tunai rp dr pt bank rakyat indonesia pin u info klik hub,1
selamat menang undi pop mie hadiah mobil nissan juke pin info klik situs,1
selamat menang promo undi pop mie getlucky men dptkan mobil nissan juke pin u info klik,1
selamat daftar member m pulsa kode agen pin saldo rp tambah saldo ketik info kirim,1
selamat terdftr diprog gratis nelp keisat internet hg dg isiulang isiulang pulsa nikmat bonus cekbns,1
selamat kpd milik no simcard uang tunai rp pt indosat pin hub spam,1
selamat no sim card m dptkan hadiah unit mobil toyota yaris pin u info hub klik awas tipu,1
selamat nomor pilih mendptkan hadiah mobil toyota yaris pin menang u info cek,1
selamat nomor pilih mendptkan hadiah honda jazz rs dr program undi pin info klik nih bank bri no rekening nama bayu alamsyah,1
selamat no pilih m dptkan kejut hadiah langsung kode menang utk info lenkap kunjung web,1
selamat mendpt hadiah rp juta telkomsel point edisi september hub kntr pusat ir dwi hartanto,1
selamat m hadiah unit mobil alphard dr telkomsel info hub kunjung website,1
selamat mendpt hadiah rp telkomselpoin periode maret pin hub kntr pusat ir wardoyo,1
selamat mendpt hadiah rp juta telkomsel point edisi september hub kntr pusat,1
selamat m dptkan hadiah cek tunai rp indosat pin u info ambil hadiah kunjung website indosat,1
selamat mdptkan unit mobil nissan juke dr pt indofood pin u info ambil hadiah kunjung website,1
selamat mndptkan hadiah cektunai rp indosat pin u info ambil hadiah kunjung website indosat,1
selamat menang unit mobil freed dr telkomsel edisi thn undi tdi mlm pkl rcti u info hub h mulyadi kirim,1
selamat m dptkan hadiah unit mobil honda jazz uang tunai rs dr pt tricare pin menang u info klik,1
selamat langgan mendpt hadiah program poin plus plus indosat no pin info klik,1
selamat no simcard resmi m dptkan hadiah unit honda jazz tri pin menang u info cek pin klik,1
selamat t rpilih l ngsung m ndptkan hadiah dr pt telkomsel rp u info hubung pusat drs h mulyadi laksana telkomsel,1
seminar denpasar bal wakil mahasiswa kewirausahaan biaya transport rp juta nomor serta semnas dikti direktur mahasiswa dikti prof dr joko purwanto m si hubung wahyudin zarkasi no referensi ptx,1
sim card m dptkan hadiah yunit mobil toyota yaris no pin menang u info,1
simcard menang gebyar isi ulang tri pin laku verifikasi,1
slmat no m dpt dana bantu rp dr pt sidomuncul u info hub ir hj muliyadi laksana pt sidomuncul,1
slmt no mendptkan hadiah unit mobil honda jazz dr promo tri care dgn pin menang lnfo klik,1
slmt no resmi m dpt hdiah dri pt mkios pmenang pin u info hub h risal dermawan mkios,1
slmt simcard mdpat cek tunai rp pin info cs kunjung,1
slmt no men dpt hadiah dr undi pt telkomsel no pin hadiah sila klik,1
slmt no mendpt hadiah rp juta telkomsel poin undi mlm wib rcti info hub ir serianto kirim,1
slmt no men dptkan hadiah dr undi poin plus plus indosat no pin info menang silah klik,1
slmt no men dptkan hadiah dr undi poin plus plus indosat no pin utk info menang silah klik,1
slmt no m dpt mobil avanza dr kartu as undi td malam metro tv pkl wib u info klik hub,1
slmt no m dpt mobil avanza dr kartu as undi td malam metro tv pkl info kunjung almt,1
slmt no mendpt hadiah rp telkomselpoin undi mlm wib rcti info hub drs h srianto kirim,1
slmt no m dpt unit mobil all new avanza telkomselpoin pin pmenan u info lengkap kunjung,1
slmt no mndptkn hadiah grand prize uang rp dr telkomsel poin no pin hub call center kirim t sel,1
smlt m ndpt hadiah toyota all new avanza dr telkomselpoin pin menang u info lengkap kunjung http gebyartelkomsel juplo com,1
solusi khusus pegang kartu kredit nikmat kredit angunan bank asing jt jt hub lukman,1
solusi praktis khusus pegang kartu kredit nikmat mudah kredit agun dgn max pinj x limit hub fany abai tdk minat,1
surat putus tri care indonesia pin menang hadiah cek tunai rp jt u info kunjung,1
surat putus tri care indonesia pin menang hadiah unit mobil honda jazz rs u info klik http tri webnode com,1
surat putus tri care indonesia pin menang hadiah cek tunai rp u info klik,1
surat putus tri care indonesia no xv pin menang pilih cek info kunjung,1
surat putus dr tri care pin menang cek rp u info klik,1
surat putus dri pt tri pin pen ber hasil men dapat yunit mobil honda jazz rs u info kunjung,1
surat putus dri tri care pin menang mdptkan hadiah honda jazz hub info pin klik,1
surat putus pt tri care slamat no resmi raih hadiah toyota yaris pin undi info hub klik,1
surat putus pt tri simcard resmi m dptakan hadiah honda jazz rs pin undi info hub klik,1
surat putus pt tri slamat no resmi m dptkan honda jazz rs kode pin info hub klik,1
surat putus resmi dr tri care pin menang mendpt unit mobil honda jazz rs u info klik,1
surat putus resmi m kios noxv no resmi raih hadiah dri pt m kios pin u info klik,1
surat putus resmi slmt no sim card t pilih menang dri pt m tronik pin u info klik,1
surat putus kode undi selamat no mendpt hadiah cek tunai rp u info kunjung,1
surat putus tricare indonesia no xv pin menang yaris u info kunjung blogspot com,1
sy ajeng sms pt indonesia uang tunai rp juta website bayar administrasi rp juta sy telpon bambang purwanto nomer rekening tuju bayar administrasi bank bri a n pt tri lestari websitenya cantum ktp marketing office pt care indonesia,1
sy dr hj fatima sdh cocok rumah tanah bpk tlg jgn tawar lg yg hrg negosiasi suami sy dr h hendra irawan,1
sy dr rimbawan dirmawa ipb yth jajang roni aunul kholik nim hbngi skrng prof dr ir yonny koesmaryono ms hadir seminar kembang karakter mahasiswa dikti tgl april htl nusa bal trims,1
sy rudi jambi bgi yg kalah togel kalah bandar hub mbah ros jamin tembus sy sdh bukti,1
sy rudy dri malaysia brencana investasi uang sy sbagai bekal hidup indo sy butuh org yg sy percaya uang sy rm bsedia sms,1
terima kasih isi ulang trx sukses sbsar sn byr plntelkom tnggu datang,1
terima kasih isi counter war pul cell info layan bayar tagih pln,1
pilih cek kode triple cek u info klik website,1
togel sgp edisi senin angka jitu jamin tbs stlh tbs krim plsa mahar dkrm no ki karso,1
toko bagus phone promo diskon blackberry dakota rp torchrp gemini info sms pin,1
toko bursa cuci gudang diskon bb dakota jt toch jt gemini jt laptop info pin bb,1
toko jaya bb discount type blackberry gemini ribu torch jt dakota jta nokia samsung info klik,1
toko jember promo discon keyboard yahama dakota rp jt rp jt gemini rp rb info sms pin bb,1
toko niaga cell disc khusus promo blackberry nokia samsung iphone dll info hub sms buka website,1
toko rahmat abadi big sale blackberry iphone ipad samsung laptop dll info hub sms pin cek,1
tolong belikan mama pulsa no as mama teman mama celaka skrg kluarganya hrus hubung nti mama ganti uang,1
tolong uang kirim rekening aja bri a n hasan mahmud rek sms aja klau kirim makasih,1
tolong uang transfer aja kesini mandiri a n rahmad adrian no rek sms aja kalo sdh kirim trims,1
tolong uang transfer bank an ardiansyah transfer sms terima kasih,1
tolong uang transfer aja bank bni a n friska ananda sms transfer trimksi see more at,1
tolong uang kirim aja kesini bank danamon a n farida hanum no rek sms aja klo udah kirim trims,1
tolong uang transfer bank xxx a n xxx transfer sms terima kasih,1
celluler discound bb dacota rp jt bb rp jt bb gemini rp jt laptop kamera iphone dll info kunjung pin bb,1
tour travel dptkan tiket pesawat promo domestik internasional mudah aman booking online jam hub telp websete,1
transfer bank xxx a n xxx no rek transfer sms no ya,1
transfer bni aja a n soraya harum rek klo sdh kbrin nmr ya,1
transfer mandiri aja a n resti amanda norek,1
transfer uang rek mandiri no rek a n darman klau sdah transfer sms nmor trima kasih,1
transfer bri aja a n angga prastia no rek,1
trima ksh mjd langgan cnf aqua gnkan no mesan air isi ulang agua asli n sed a jga gas tlng sebar sms kost n kampus jga ya jgn henti km terima kas h nb tlng save no mesan aqua b la butuh mksh gratis,1
tselpoin kejut poin hadiah rp resmi pin u info hub cs pt telkomsel kirim,1
uang trnsfer bni aja a n rastina no rek klo sdh d trnsfer sms aja no trmks,1
uang kirim aja rekening bankbni a n safitri no rekening,1
uang kirim rek bank bni a n sdr abdul rahman no rek sms kirim terima kasih,1
wassalamu alaikum wr wb uang kirim no rek bri a n nova aryaxxx xxx sdh transfer sms aja no trmh kasih no hp kirim sms,1
ya allah moga yg hp keluarga kasih sayang mu kah rejekinya jauh mara bahaya amin kenan,1
yank tlong isiin pulsa no aq yg tlpn yacc,1
yank tolong isi in pulsa no no baruq skrng,1
yank isi dl pulsa no as gw gantiin bget nih krn barusan bos gw nelpon gw tgguin yach,1
yth bpk bni rekening pilih menang hadiah rp kode cek info klik,1
yth isti sofiyah hubung bpk drs h safi i m pd kadisdik ntb perihal seminar gratis dikti bu sri tu diknas,1
yth kpd bpk sy eka novitasari kariyawan m hub tdk sambung dgn hormat sms singkat dr layan selamat no m dptkan hadiah unit mobil toyota avanza dgn pin dr undi rejeki periode utama u info kunjung,1
yth miitra silah cek poin tukar admin format po pin kirim,1
yuk ikut akun dakwah ketik spasi akucintaislam kirim,1
kfc yg deket enhaii dy,0
maaf janji penuh janji,0
ngsih bunga ato coklat min,0
sambl nunggu gimana kalo ngerjain form formnya aja,0
akademik perhati tuk jadwal kontrak kuliah ang sebenarny kuliah jadwal kur yg ang ato atas jadwal yg jadwal bayang tuk tuju kontrak kuliah atas ga laku tuk mk yg jalan ang spt skripsi sidang harap perhati,0
info pla assalam yg ambil mk pla wajib kumpul tgl kamis agustus wibb agenda bekal jelas pla gdg jica lt r informasiny harap perhati d sebar,0
info yg kumpul data asisten lab matakuliah bukti surat terang ambil andri,0
daftar langgan tcash full service tingkat saldo dg isi saldo tcash merchant logo tcash dekat,0
pin tcash silah pin nikmat layan tcash telkomsel,0
mad bingung bkn lapor,0
aamiin makasih moga cepat lulus,0
aamiin makasih moga cepat nyusul moga urus lancar allah aamiin,0
abis maghrib yaa,0
warkop deket indomaret gum,0
bip studio foto gitu,0
tpi gatau msh fungsi engga udh ga dipake sih,0
ruang nya,0
internet min alamat dmn,0
mba harga bln fasilitas air hangat kamar mandi tv tv kabel wifi meja tdr lemari,0
nya instagram,0
asa nyesel gt kuliah asa ga merhatin ga ngerangkul pribadi hmm,0
pandu pla dishare grup fb,0
sih yg nikah muda tp liat bahagia tp one of a million kayak kalo ku hmm,0
teh dikpad kontak,0
rb kamar mandi kamar mandi rb,0
yg ikan tempe,0
yg nikah muda yg gagal nikah yg pacar eh putus alesannya karna sayang jd gak nyakitin pret yg jagain jodoh org yg ah wkwk,0
yg tau ruang daya yg fpmipa b,0
yg tdk jam pagi jam umum,0
aduh ge pusing yg lamar yg butuh,0
aigoo banget chatnyaa liat hape hehehe,0
air asa lancar besok ku papa yah,0
ajakin soekarno hatta aja makan eatboss soekarno hatta wkwkw,0
spagetti tp kaldaluarsa yah,0
bawa daging yg dah rebus gapapa yg mentah tinggal wkwk,0
besok dtg telat jam ngga jam ya mulai,0
delete aja ya ntar pull sync ntar masukin push,0
pasca skrng,0
pt,0
dy wkwk restu jg krna jauh,0
ga enak euy bilang adik adik ken pvj,0
ga upi,0
pagi tp dua doang pake grab nunggu siang,0
jg blm berangkt wkwk,0
jg rumah lg ga kulkas rusak suka nyetok sayur,0
jg foto tgl juli selesai agustus,0
besoook,0
kumpul pon dy kalo haris kerja sore mo pacar dy,0
mah plg rumah ketemu ayah mama,0
mah tinggal jual jd marah ntar alesannya duit km diem lgsg haha,0
bawa balon sm coklat min nitip,0
nyari data dibutuhin tabel aja,0
geleh sendiiri lipstik merah wkkw dapet kasih jg,0
push updatenya udah template adminlte,0
senin udah kerja gaktau ngga,0
teh bawa celana jeans yg tua tp jilbab yg muda,0
alhamdulillah makasih yaaa udah luang,0
alhamdulillah puji syukur nikmat allah swt nikmat hidup detik evaluasi sadar khilaf salah,0
alhamdullilah beres group silah silah yg manfaat group diskusi topik kait skripsi gemastik kerja,0
andipublisher com bni bank mandiri,0
pagi pagi ya bjam jakarta,0
jg text dy text essay gt jd nih murid guru si guru ngasih uji hasil uji murid dibandingin guru yg bener trs outputnya skor hasil uji,0
msh pake db yg msh anomali nyesuain ga,0
cuman nambah table daftar ulang ird master yg samain aja ya pake yg data pasien sql,0
assalamualaikum akang teteh lupa ya carrier day jam exhibition fpmipa b love hayuu teh ditungguuu,0
assalamualaikum bu mhsi ilkom dpt bimbing skripsi mohon maaf bu minggu kampus ap aj bu terima kasih,0
assalamualaikum nanya putar mobcom sp kuliah pas sp aja trims,0
assalamualaikum mohon maaf remedial dwm hadir online mohon maaf,0
assalamualaikum dg ilkom maaf td ninggalin proposal meja printer terima kasih,0
assalamu alaikum wr wb daftar uji pla tahap,0
assalamu alaikum bantu,0
assalamualaikum yg tau kalo file nilai fb,0
gaperlu kampus tolong kirimin kunci aja make jne cenah ip,0
atuhlah tinggal yg nyaah jgn gitulah gais bis,0
atulah teh udh ngidam sate maranggi dr puasa naha ka subang teu ngajakan ih,0
ayam aja paket isi ap aja,0
ayam menu bu ayam bakar kremes cabe ijo lada hitam asam manis rica rica baberque isi nasi ayam lalap sambal tempe air mineral gelas bu maaf bu paket s d tau anggar ya,0
ayo semangat skripsi yaaah biar cpt lulus kerja cpt nikah wkwkwk,0
uji serah dgn jilid yg sdg nunggu uji sabar tuk sesuai waktupenguji,0
yg tarik gemastik diskusi,0
kamis kantor,0
bsk bawa form nilai ya berkas,0
bal mah kudu atuh duit,0
ngeh chatnya maaf maaf,0
bebas tgl libur pajuin aja kamis sabtu,0
bebas senin stuju aja yg kebapain program,0
beli es kelapa d besto teh,0
de kagi nyoba ngejar,0
uji pa insya allah siang kampus pa eka nya,0
bentar lg gik ga kalo nitip yg ngontrak ipc aj,0
palasari nya skrg abis langsung gik,0
besok kasihin softfilenya gpp,0
besok dwm ya praktikum weka bawa laptop,0
besok jam berapaa ih udah kali skip,0
besok kantor tunggu jam ya,0
besok kampus ga,0
besok rapat dinas selasa aja ya,0
besok siang ya jam,0
besok yuk jam bih jam,0
beu atuh nunggu yg pulang ppl,0
biar rapih aj mad controllernya msh bikin fungsi,0
biasana sih sampe jam kampus,0
subang ya kalo weekend,0
mah stasiun teh lewatin rel,0
bimbing lg da,0
bebas tgl libur pajuin aja kamis sabtu,0
bu buka jam bu,0
ga acara bebek komar iti,0
turun cegah remedial siap asal,0
bis ga enak ga bantuin beberes ato,0
blm cek min bgt gedorin,0
blm beres sep byk bug,0
blm mad ntr sore td udh ktmu,0
bntr pulang,0
bntr lg sholat mel upinet kasih tau ya males,0
bole duaduanya pen hardcover tp usaha udh ttd,0
bu pindah berat kabarin bu terima kasih,0
install bawa installernya,0
alamat nya kalo gang softball kmna gtu,0
nitip coklat alhuda,0
ramen aa gpp jam ya,0
bsok kmpul euy gmna tpi gin aja vote aja yg bsok sapa skrg sapa,0
btw magicomnya yg gais gaada yg gede,0
bu maaf lupa jumat ya jumat buka jam bu solat jumat maaf upi ya,0
bu mastiin ketemu jica bu,0
yg mahasiswa,0
daging sapi bakar dmna d pantai d rumah,0
cape sih tp da susah euy kalo udah pikir gtu teh,0
panggil na localhost sistemrumahsakit gerbang rawatdarurat,0
cari ken murah riah kualiatasnya bagus,0
cerita aja tp tetep bikin nang,0
coba yg prodi punten liatin jadwal sidang tulis suruh kumpul jam brp gitu gak nuhun,0
coba teh dy kadang cewe mah overthink overreact,0
alquran sbgai pedoman yg iman,0
da gapapa public dimasukin,0
da sebenernya makan indomie ge mah,0
pt gagas pt ixindo pt bima data pratama sma sukarnohatta sma purwakarta smk pgi sma swamedia kang,0
data pasien no medrec sdgkn daftar ulang pake no register karna field yg isi daftar ulang beda tablenya beda,0
derr ya wacana kaka bunda,0
folder sql aya sql rawatdaruat sql tinggal sesuain maneh we coba k ente jalanken urg mh teu jalan ngan load view mh error database soalna lieur gabungken database na,0
kfc belok setiabudi pom bensin colok gak sih,0
diagnosa pasien irj ga diagnosa,0
helmkuuuu,0
ntr kosan yaaaaa,0
kirim nya disatuin,0
dah selesei blm machine learningnya,0
nmr yg ntr ayu sms kl udah dpn kosan yah,0
kosan yah jg lapor ga,0
controller view nya aja,0
database view controller js dropdown kota,0
pakai flash animasi ga pakai movie maker,0
kosan gaaa numpang dooong,0
dmna mnta tolong ss bisns proses nya,0
pt inti,0
maapin buka line,0
pergi ga kalo engga kosan,0
note dinamic emil kembaliin gmana,0
bikin makalah daftar isi langsung gmana,0
graha desila kmr lt aqua kembali,0
lantai ya ruang skripsi,0
angka,0
dmana aja kang hehe,0
doa aja ya bsok lancar cepet nyampe jam malem,0
dr ciateul kekalapa lg frown,0
duh gusti ujan gede moga riung gak bocor yah gais,0
e gila namakuuu luluuus,0
edan edan moga keluarga samawa,0
eh instances deh diload ga bs,0
eh kosan maksud temen september,0
eh gatau td bagus nanyain,0
eh iyaa gais kado udah kasih yaa makasihh maaf salah minggu udah samarinda,0
eh brati makan kali ya malem sma bsok pagi,0
eh tp jam pas jgn malem hbs mgrib takut plg wk,0
emang bayar,0
enakaa ajaaa gw antar cowok gw yaa dijmput,0
engga tau sep ntr kosan cek malam liat,0
engga teh udh brgkt td line teteh,0
eta mah data dokter maksud urg teh si pasien teh aya meren pariksa ku dokter saha,0
lembar yg kamrin anto tp yg bab parafrase kalimat jgn copy paste,0
jalan besok aja habis jumat ketemu kanto web service nya akses,0
food teh maksud beras kang,0
ga birthday nya wkwk,0
gaaais dlm menit aja jd nasabah btpn wkwk,0
gaaais nama kyk nih biar rapih,0
gaada yg temen mah,0
gaes gaes drakor gaes besok yawww,0
gais brgkt matiin hp,0
gais bsk kke kantor ya nyerahin lapor udh dpt ttd paedi hard jilid jgn lupa ya source lapor cd,0
gais tolong baca paham biar ga,0
gais kalo dri upi unisba pake angkot pulang pergi,0
gais ngantor tgl bawa form nilai daftar hadir form bimbing sekalulian foto,0
gais kyknya bapa ga bls sms gmn tp bapa bls sms teh tia blg kantor tia jg blg kantor,0
gais lapor bimbing bimbing lapang,0
gais tanyain pla ap aja yg dr pla selesai nilai dr kampus ga,0
gajadi gadiabsen yg telat lebib dr menit da kaya,0
gak takut tp emang blm gatau sampe kwkw,0
gak sih percaya aja dosa tanggung hehe nilai mobprog selesai silah cek,0
gampang da tampil doang,0
gara gara batman pdhl udh ulang,0
gatau nuy suruh tunggu aja cenah bom apapa mah,0
gatau bapa nya keburu jumat poko suruh ngumpul dlu gt,0
geng jam brpa respon yah,0
gimana nuy hadap beliau,0
gpp kali beda beda sep,0
guys yg motor ngampus gak temenin ambil foto laaah unbearable,0
guys gabawa beras yaaa abis dr pasar beli berat bgt yg bawa beras mohon lebih hehe,0
guys bdg studi foto yg gin gaaak,0
guys numpang promosi bis yg butuh jual macbook air layar ram ssd garansi sisa jual jarang pake harga pm,0
guys ganti template nya,0
guys groupwherenya pake github aja ya,0
habis pake groupwhere biar ga cecer filenya,0
haha ayook bully adi ndut,0
hai akang teteh tau calon pimpin kemakom periode yuk simak visi misi,0
harga kisar,0
kamis masuk,0
hayu da gais tp kudu disurvey bis something wkwk,0
hbd cepet sidang cepet wisuda yaaa aamiiiin,0
hehe sep ku jebol pake solder tp jd jelek,0
hmm sebenernya cuman eksekusi jquery control sep coba cek jquery yg dicotroller klik button controller yg nyetak pdf,0
hmmm tiket batam duit gile,0
hub lg kalo udah dkt wktnya,0
ibu bobok nanya ttg daging kalo daging presto,0
info gempa mag sr jun wib lok ls bt km tenggara kep tawa sumbar kedlmn km bmkg,0
hujan malam ruang kamar kaya gabisa nyalain nunggu kering nyala smg ujannya renti,0
udh gorengin,0
kalo lg beneran ngumpul lg mewek jamaah,0
insyaaallah ikhlas mel asa udah bahas grup trs yg responnya gt,0
isi saldo nya grapari indomaret ato tf bca,0
pake data dummy ntar gampang mh,0
nama ap nur tokopedi bukalapak lumayan laa complete walopun kw jenis,0
teh sebenernya krna sakit sma orang nuy kalo udah nemu orang mah beda,0
tugas pentaho langsung presentasi pentaho nya,0
iya inget jam dinding rumah awet hadiah nikah,0
iya lab jarkom pas copy sql sigindo tea,0
iya ih ko sedih sih gtau lg bandung,0
iya ih maksimal bulan wkwkwk pdhl aja yg mo pindah,0
iya kosong agus sept,0
iya file terkahir data pasien,0
iya kar lg dikosan nih numpang ap,0
iya singapur make tea gening wkwk,0
iya liat mock up nya maksud,0
iya put alat masak makan mah usahain,0
iya teh selasa bapa rabu berangkat,0
iya ya ratarata programmer gt hirenya udh pake csps gt gt,0
iya butuh data teh data rj rd,0
iya kamera kecuali kamera lia taro situ,0
iyaaa makan bumbu dsb biar bawa dr rumah irit hehehe,0
iyaaaa ayyuuuukk biar reuni dg org fir,0
iya malam mahal kek yg suka jalan,0
meet upnyaa nih tema tema,0
kita cari sibuk jg ya biar ga mikirin cowo melulu,0
males banget pla asa ga beres wkwk pa rawosi ga masalah,0
barang yg pilih nyesuain budget aja pilih atas,0
ambil bulan sampe desember kamar dua sodara,0
sok uang kas,0
jajar kantin kesana pengkol pokok kang tulisanya da,0
jam wid berangkat jam,0
jam berangkat aja gmn teh,0
jam brp brpnya bsk kabarin ngumpul sore yaaaa,0
agendain suka ga wkwkwk,0
gitu kang singgung,0
januari mah ambil minggu aja masuk minggu januari,0
januari pokok sapa mana libur fix aamiin,0
jemput poskamling cilimus dee,0
jd kpnnnih kantor ambil form lg ngasih lapor jd lapor ga lampir,0
jd nih murid guru si guru ngasih uji hasil uji murid dibandingin guru yg bener trs outputnya skor hasil uji,0
jgn lupa malam jgn malam aja ada aja jg,0
jemari jabat batin rindu ikhlas maaf pesan jemari silaturahmi mohon maaf lahir batin,0
poin s d tgl poin kategori red laku poin s d des,0
ka ga liat kosannya skrg ngerjain uts take home ka,0
ayam kremes cabai ijo teh bakar rica rica kasih deh pakai box air gelas,0
agus sept blm jamin kosong,0
gamepro uasnya materi praktek,0
gagal urg pindah haluan deh,0
bikin model controller mending y,0
pertable emg lbh rapih lapor sih mad cuman bingung pertable kdgkan yg dipake didr bbrp table gmn tuh mad,0
kalem diantapani uji intan hher,0
udh brp kali bimbing ngomongin aja blm,0
kalo daun pepaya mah bungkus daun pake pepaya put,0
kalo ngasihinnya habis ashar aja gpp,0
kalo sih tabel mnyesuaikan butuh,0
kalo daftar doang prasidang ga,0
kalo engga aqila gatau engga deh,0
kalo grup jarang baca haha jd suka tinggal kabar berita,0
kalo raditya dika tuh pandang org ttg cinta ubah alami patah hati hebat haha,0
kalo kep ribu mending nih tinggal duduk manis unpad du,0
kalo masak bawa bahan dr rumah biar irit wkwk,0
kalo ngga besok kampus senin kampus nya,0
kalo nonton hr mahal yah week end,0
kalo pacar jg cowonya yg sayang guys biar ga ngebatin,0
kalo pake daging yg dah rebus enak gak dijadiin sate,0
kalo satpam bilang aja ketemu,0
kalo udah ad progres besok aja jam kesini,0
bandungg,0
sibuk ngapain aja sana,0
yah ngajakin,0
bapak ya trs blg lg rame ma sibuk kampus yaa,0
gatau ngeditnya kek gmn haha,0
karna qaqa ngomong gituch,0
kang tuh menang milyar hahaha kemakom prestasi,0
kantin fip td pus tp bntar lg sholat,0
si surabaya besok hati kamis kantor gimana,0
kartu sim hasil ganti terima kasih,0
kasih norek aja belah tau yg jg hak untk udunan wkwk bilang bts trfr niat,0
kantor siang aja,0
kek liat undang prodi,0
kmpul yu sblum puasa,0
kolam renang gymnas gik,0
yg stay pdg aja mah tinggal cuss aja meet up nya,0
ko gtu ya parah bgt jam kerja ngeroko biar dapet inspirasi meren ya,0
optimis ngga yah,0
koreksi salah bis lupa bagus sih coba coba nggak mubazir dibalikin csv ya pake transformasi,0
krn pulsa limit cukup dptkan informasi putar kartu tri via aplikasi bimatri,0
ku ratus nih tabung tabung cabut manaada,0
kumpul aja lab basdat biar,0
kumpul makan daging gak resto d,0
tau sep periksa controllernya instansiasi new tcpdf lupa,0
ga gera sma si kaka tp kalo dianterin ga enak,0
lebay gt meni gitu ama mama teh gak,0
lingkung kerja asap kalo gak ngerokok ya nge vape gitu coba cowok banyak,0
load controller construct mad kmren coba ga bs paksa dlm fungsi,0
maaaaaaaaf lupaaa hp nyala dadi pagi pulang kosan maaf pisaaaan,0
maaf aktif paket flash nomor daftar,0
maaf bu jam ya ketemu bu bgmana baik,0
maaf bu pesan bebek ayam ya,0
maaf kaprodi yah hehe,0
maaf keyword masuk salah info hub call center,0
maaf pesan kirim sila coba terimakasih,0
maaf pulsa beli paket flash pilih silah isi ulang pulsa,0
maafin ya guys gak huhuhu,0
mah mel kosan dila habis kerja kelompok pegat hujan,0
tibatiba layar hitam gt diapain jatoh,0
makasih gais doa yg juang ya,0
makasih semuanyaaa mohon doa yaaa,0
malem aja jam nanggung banget mw maghrib haha,0
duduk plg kdg ga tau dblkg yg hdr yg engga wkwk,0
mandi selesei isya bobo,0
masak dikosan makan orek buat min,0
ikut gaaaa wkwkwkwk,0
ngerasa salah ama sebenernya,0
sungai diil,0
mati services spt antivirus dll,0
kirim selempang yg makasihhh,0
gojek ga driver kaya bawa,0
nitip ga gerlong,0
dibawain kacamata ga jam,0
sunday slainya,0
baik karna ganti db bbrp lg enak nonton td ditelfon,0
merica jeruk nipis ajaa,0
mgkin periksa nama id view jg sep,0
min kalo inpo kosan bulan share ya,0
min lg dmn mo ngambil sertifikat yg kompas hihu,0
mal aidzin walfaidin mohon maaf lahir batin ya akang teteh,0
minggu ken lembang git hari ngubek bandung,0
email github nya,0
mohon maaf lahir batin,0
mohon maaf malam konfirmasi remedial nilai remedial,0
ga birthday nya wkwk,0
ya dil besok coba telkom lg doain yah tear,0
mul snack teteh kasih rafael ya,0
aa nya tau kl wajah beda pas gaya up,0
murah nuy drpd angkot ngetem macet gt,0
kelapa ledeng turun ciateul terminal bgt kalapa dayeuh kolot turun kantor bgt,0
nama table table pasien irj gnti data pasien lupa,0
push aja ya kuota modem lg hbs,0
siaraan diil,0
plg wisuda lgsg ksana awas telat telat plg,0
sync aja github dekstop nya,0
ngajak wida tuh beliau habis seminar hihip,0
nikah proses put kadang atas kadang bawah gak enak enak wkwkwkwk,0
nomor otp telkomsel,0
ntar kirim link nya,0
numpang teduh wkwk tuju,0
numpang promo yah tau minat liat instagram nya,0
udh transfer maacih nur,0
lg ngerjain tes ngoding upi net kalo mo pake motor tp motor bgt,0
nya sore we atuh gi kalo pagi siang weekend nya,0
oh oke de isi deposit transfer kmn,0
oh oke lgsg kesana pasti buka jam bebek komar yg dt,0
oh pantesan tau gitu lgsg foto pusat aja put,0
oh udh berangkat kaya ga koneksi,0
oh udah yah haha bingung jd gimana udh tinggal chat,0
oh lurah dll data pasien butuh oge,0
oiya ya ih knapa bsa sayang bgt tabung,0
ok lihat hadir yg nilai,0
ok kabarin yah no blokir ga paket data smsin aja asmul ya kbtulan free wife,0
ok data dummy diagnosa pasien ya punten makasih,0
okayyy siang jam hehe ga mana,0
oke deh jg emang ken ngumpul sih lg,0
oke udah beres bimbing kesana,0
oke gais tp dsni udh reda hujan dtggu ya,0
oke dp,0
oke senin deh ya kantor sms bapa lapor nyusul aja gt lapor jg lampir revisi uji,0
oke bentar solat,0
okeee telor butuh segimana,0
okeyyy malem aja ya bahas aja yg bawa,0
oo brp dit,0
ooh iya klo controler ku td model,0
ouhhh gitu yaudah ntar besok chat kalo mo ngampus,0
ouhhh trs ngedeteksi dil output nya,0
ga aktif si tombol nya teh ga ngerti,0
ngampus jamber gais,0
kesana kyknya,0
pagi bu bebek komar bu pesan besok bu menu pesan ya bu antar ya nuhun,0
titip pesan jumat pagi kumpul trus bapa tolong bujuk kuliah,0
porsi ya,0
sen nasi goreng spesial bungkus graha desilla kmr,0
nilai remed ambil nilai nya remed nya,0
pake bingung,0
indeks nilai b gabisa diturunin kemaren liat nilai udah b turun b nilai pake,0
mk kontrak data mining dgn kode dwm yg penginputan nilai terimakasih,0
pake kamera kamera handy cam prodi,0
paket sore dadak habis,0
ikhlas aja yg nyumbang mangga yg ngga mangga gt,0
pas ngomong gtu km langsung diem ya nuy kikuk gtu diomongin kek gtu,0
pas sma gak tp kuliah org tua udah pulang kampung,0
paspor panjang bayar nya brp nuy,0
patah hati level jd quotes put,0
pakai internet sdh capai batasfup cepat sesuai eks dgninternetgaul bulan,0
guna penuh pakai pulsa minimum aktif kartu panjang aktif,0
penuh si nyari udh penuh,0
pergi kelapa turun pasar bunga wastukencana caringin sadang serang jalan,0
minta proses paket internet non aktif laku tariff dasar internet,0
siap dokumen draftnya ambil ruang slide presentasi tuk uji,0
usaha aja tau,0
pesan assalamu alaikum wr wb indonesia android kejar bekerjasama depilkom ada latih android level intermediate slot orang syarat app android ngebuild android studio barang kali kelas minat nuhun o ya latih sabtu besok april sabtu temu tempat lab praktikum,0
pesan mohon transfer rp bni account jun mohon periksa email info,0
pilih hemat jt lulus oct nanggung,0
plg yth paket mb kena tarif non paket aktif paket flash,0
poko push bilang aja usahain bis bareng push nya push pull,0
pulang nya jam kecewa,0
punten kontak teh lulu nuhuun,0
pusat situ dy bandung pasir koja cmn bangun lg bangun jd td interview toko nya toko bangun,0
gedung manunggal tridaya pucakti pusenkav teh wkwk,0
hunting kosan bentar gmn ngerjain dmn,0
sidang depaaan mel jahaaat pisaaan,0
registrasi gagal harap masuk tanggal format ddmmyyyy,0
route nya matiin aja akses project tembak aja,0
rumah gais pager garasi karna pager orang tutup rumput liar hehehehe,0
baik cari pasang tuh pas kuliah sih enak tempat kerja,0
salam jepret karet gelang hihip,0
ingetin ya web nya publish develop tuh web nya nama jurus ga,0
web pake dapet komisi tuh ciprat ga nanya aja hehe da gapapa meren nanya gitu engga ciprat hapapa seengganya web nya,0
ooh report ko bumiputera ngedit nomer nya post,0
opsi nabung nilai kontrak semester nilai masuk semester tsb,0
blm dpt ttd duluan aja nyusul,0
brsik cuti bati kantor har rabu,0
seri pg harap lihat teman sebab nilai pg jeblok kemarin batas ruang pake yg,0
ijin undur penting mangga japri terima kasih middle eastern woman,0
kota sd jumat senin tgl pagi aja jam gabung gameprog,0
maaf buat maaf lisan jaga maaf perilaku maaf salah sadar sadar,0
simpul debat yg cupu ilmu nya pertanggungjawaban pasca teliti yg moal pegang sayang ortu kampus yg ken lulus cepat,0
nunggu beliau beliau sdg ngobrol dgn client,0
scroll up down olshop,0
sebenernya gada bulan tau kasih izin aja gitu bayar,0
segan baa lo ko wqwq hai gila kurus banget skrg diii,0
nanya alur rawat inap lab radiologi obat ga ngolah,0
libur malaysia wkwk,0
cetak rundown jg dkrm email nuhun dtgu d prodi cepat menit,0
ide gabung device hp sumber sensor deteksi longsor gempa kait trend iot internet of thing silah yg tarik,0
selamat pagi data table yg butuh email email msk,0
selamat siang reservasi bandros orang,0
selamat sore besok kantor jam brp,0
selamat sore teh dg lg nyari kosan bulan yg kosong teh sana terima kasih,0
selamat tcash tap aktif sn tgl info,0
selamat ulang moga umur sehat,0
selamat utk yg wisuda moga berkah ilmu lancar urus depan sukses kt,0
selamat moga tempuh hidup bahagia senang,0
selamat guys karna lulus bareng hibur,0
selamat guys karna nikah bareng kebaperan naonaridyah,0
selisih brp sesuai janji sbelumhya yg nilai batas cek hadir ya gak gak habis turun,0
semangat gita putri adison esok moga baik aamiin,0
semangat jg bunga titipin ya eh bunga makan wid,0
mau mau ama orang gak gak jodoh segeleh gelehnya nikah kalo jodoh,0
moga allah,0
moga cepat sembuh,0
udah masuk database sindo nggak real time,0
senin mah lepas doang brngktnya selasa egi senin berangktnya,0
sep udh pull tp direpository git ga msk ya,0
sepupu ane masuk kuliah,0
setting ponsel kirim masuk pin terimakasih,0
setting kirim ponsel ikut tunjuk selesai setting internet kirim fot mms,0
silah berkas dambil ruang,0
silah klo pd besok gpp nyusul aja lapor bapak udh ngehubungin jg,0
silah tebak umur,0
multiple choice essay yg weka masuk essay file kumpul,0
dtng nya bilang bimbing bls wa ya biar estimasi gitu,0
bapa liat database,0
fitutnya lengkap,0
udah ditambahin,0
sok bebas gmna bsok hayu jumat oke,0
struktur data pla skripsi sidang,0
subuh jg abis maghrib teh ahaha,0
email cantum direct link email kalo file google drive download,0
sundae min sirup kiwi pake cochochips,0
cepat tolong posisi duduk atur jarak kolom kosong selang seling,0
udah temu beliau pa beliau uji bisanga besok pa,0
daging kurban mentah udah ga,0
kuliah sp kuliah yg praktikum,0
masukin aja data pasien,0
taqoballahu minna waminkum selamatmenyambutkemenangan,0
teh ketemu,0
teh maaf teteh sibuk gpp bayar besok aja pas kirim,0
temen yg ya undang grup,0
terima kasih konfirmasi order proses,0
terimakasih isi ulang dgn sn nila,0
terimakasih daftar langgan tcash,0
terimakasih paket mb aktif cek bonus katalog poin lengkap s k laku,0
lepas dr nya ambil dr sisi guru nya tarik bgt,0
format beranta odp google sheet sdg rapi besok subuh harap cek ya,0
tersrrah aja pagi nggak,0
nanya masuk suka pagi siang kadang siang sore gimana sananha,0
tes toefl balai weekend ga,0
kali dil april juli okt,0
udah pus yuk kesini tika tugu pus ya,0
kelompok sistem ajar bhs jepang ajaa,0
kemaren kamera handycam msceis pake kamera aj,0
topup pulsa hasil via transfer atm bni kode trx pulsa rp terima kasih indosat ooredoo,0
tp gak tarik gt sih usaha org it nya,0
tp lucu ngebayangin pacar teh hahahaha,0
tp tau teori doang sih da blm ngerasain yg,0
tp ya temen mah ga halang hdr kyknya hihi,0
tp ya,0
tp klo jd mmber mh bsa lbh murah dil,0
traveloka com your e ticket summary xpress xn pdg bdo dzzzz total passenger s,0
tunggu aja lobi kalo ya,0
udah aa aa sih makan mah lupa ih muka dy gak nginget wajah hahaha,0
udah benerin sync backup filenya sync push file,0
udah tp lampu depan yg mati kl gasalah,0
udah ga bimbing,0
udh teh bapa bsk kantor cuman blm dbls lg jamber jd blm jg,0
ntar bilang aja kaka pas instal ulang gagal ngeformat c nya error tpi data c nya udah format pas nyoba instal windows nya muncul error yg error code yg rusak harddisk nya,0
ayam bakar rica rica brp,0
dwm klasifikasi algoritma dasar random forest akurasi model data test data yg kemarin uas prediksi akurasi yg mhs akurasi nilai maksimal akurasi tinggi oleh,0
yg kontrak game prog dwm jadwal gemastik kompetisi besar prodi ilkom if peluang bidang,0
urang mah kaya dah jumat jam pa lala bentar,0
usul anak sospol yg minat turun deh ajar ttg,0
waaah keren kang,0
waalaikumsalam jumat ya,0
waalaikumsalamin yg dpt bantu min,0
iya dy haha sabar bgt anak teh jd we yg gtau ngomong,0
mantap ok btw nge cc perihal sponsor jg ya osnnya moga yg baik utk kemakom,0
repot kalo asumsi gitu kadang yg ganti kelompok biasa dokumen nama klau print periksa offline bingung masuk gak nama satu,0
malas sep hihi jd rapih aja,0
wid jgn plg ketemu brgkt jam hehe,0
wihh nyimper koper dmn motor gigi,0
wisuda jumat,0
wkwk tumben kar kar sampe yg warna,0
wooh yg nikah udah lulus langsung diiket,0
ya ampuun jendral wk,0
ya masuk aja tugas quiz ngejar dikit materi location aware app temu masuk sensor,0
ya nggk jd masalh model diload dicontroler aja,0
yah dikostan temen dil hihi,0
yahh ya urgent wkwk,0
luang besok futsal ya jam sampoerna s ngaret,0
sinonim,0
yaudah gausah babakaran atuh yg pake kompor aja ribet nyalain arengnya,0
yaudah mah eta harddisk laptop maneh keluarin dijadiin harddisk external aja cari temen case nya entar data copy in maneh ngerjain aja ga laptop,0
yaudah data dummy diagnosa pasien,0
yg butuh kosan bulan langsung ditempatin lokasi gang samping gokana setiabudi khusus cewe jam bebas bersih fasilitas kasur lemari kunci pegang harga hub id line titaniadbl,0
yg dian ge yudisium ga dibarengin nondik sampe jam yudisium teh,0
yg ngampus ken titip bawain skl prodi,0
yg ragu sm bulet datar yg pgn ikut debat kusir v,0
yg belah warteg bahri sebrangnya yg,0
yooo oke umumin grup kelas,0
ga ad nulis kerudung kirain warna jins,0
mba kirim ya,0
beaok bwrangkat pagi cas atay tranfer,0
no bri nama,0
